#sample_id,fastq_file_1,fastq_file_2,strandedness
URS007, URS007_22KTLNLT3_GTAACAATCT-CTCTGTATAC_L001_R1.fastq.gz, URS007_22KTLNLT3_GTAACAATCT-CTCTGTATAC_L001_R2.fastq.gz, auto 
URS007, URS007_22KTLNLT3_GTAACAATCT-CTCTGTATAC_L002_R1.fastq.gz, URS007_22KTLNLT3_GTAACAATCT-CTCTGTATAC_L002_R2.fastq.gz, auto
URS007, URS007_22KTLNLT3_GTAACAATCT-CTCTGTATAC_L003_R1.fastq.gz, URS007_22KTLNLT3_GTAACAATCT-CTCTGTATAC_L003_R2.fastq.gz, auto
URS007, URS007_22KTLNLT3_GTAACAATCT-CTCTGTATAC_L004_R1.fastq.gz, URS007_22KTLNLT3_GTAACAATCT-CTCTGTATAC_L004_R2.fastq.gz, auto
URS008, URS008_22KTLNLT3_CCATGGTATA-TCTCGCGGAG_L001_R1.fastq.gz, URS008_22KTLNLT3_CCATGGTATA-TCTCGCGGAG_L001_R2.fastq.gz, auto
URS008, URS008_22KTLNLT3_CCATGGTATA-TCTCGCGGAG_L002_R1.fastq.gz, URS008_22KTLNLT3_CCATGGTATA-TCTCGCGGAG_L002_R2.fastq.gz, auto
URS008, URS008_22KTLNLT3_CCATGGTATA-TCTCGCGGAG_L003_R1.fastq.gz, URS008_22KTLNLT3_CCATGGTATA-TCTCGCGGAG_L003_R2.fastq.gz, auto
URS008, URS008_22KTLNLT3_CCATGGTATA-TCTCGCGGAG_L004_R1.fastq.gz, URS008_22KTLNLT3_CCATGGTATA-TCTCGCGGAG_L004_R2.fastq.gz, auto
URS009, URS009_22KTLNLT3_TCATACCGTT-GGTAACGCAG_L001_R1.fastq.gz, URS009_22KTLNLT3_TCATACCGTT-GGTAACGCAG_L001_R2.fastq.gz, auto
URS009, URS009_22KTLNLT3_TCATACCGTT-GGTAACGCAG_L002_R1.fastq.gz, URS009_22KTLNLT3_TCATACCGTT-GGTAACGCAG_L002_R2.fastq.gz, auto
URS009, URS009_22KTLNLT3_TCATACCGTT-GGTAACGCAG_L003_R1.fastq.gz, URS009_22KTLNLT3_TCATACCGTT-GGTAACGCAG_L003_R2.fastq.gz, auto
URS009, URS009_22KTLNLT3_TCATACCGTT-GGTAACGCAG_L004_R1.fastq.gz, URS009_22KTLNLT3_TCATACCGTT-GGTAACGCAG_L004_R2.fastq.gz, auto
URS0010, URS010_22KTLNLT3_GGCGCCATTG-ACCGCGCAAT_L001_R1.fastq.gz, URS010_22KTLNLT3_GGCGCCATTG-ACCGCGCAAT_L001_R2.fastq.gz, auto
URS0010, URS010_22KTLNLT3_GGCGCCATTG-ACCGCGCAAT_L002_R1.fastq.gz, URS010_22KTLNLT3_GGCGCCATTG-ACCGCGCAAT_L002_R2.fastq.gz, auto
URS0010, URS010_22KTLNLT3_GGCGCCATTG-ACCGCGCAAT_L003_R1.fastq.gz, URS010_22KTLNLT3_GGCGCCATTG-ACCGCGCAAT_L003_R2.fastq.gz, auto
URS0010, URS010_22KTLNLT3_GGCGCCATTG-ACCGCGCAAT_L004_R1.fastq.gz, URS010_22KTLNLT3_GGCGCCATTG-ACCGCGCAAT_L004_R2.fastq.gz, auto
URS0011, URS011_22KTLNLT3_AGCGAATTAG-AGCCGGAACA_L001_R1.fastq.gz, URS011_22KTLNLT3_AGCGAATTAG-AGCCGGAACA_L001_R2.fastq.gz, auto
URS0011, URS011_22KTLNLT3_AGCGAATTAG-AGCCGGAACA_L002_R1.fastq.gz, URS011_22KTLNLT3_AGCGAATTAG-AGCCGGAACA_L002_R2.fastq.gz, auto
URS0011, URS011_22KTLNLT3_AGCGAATTAG-AGCCGGAACA_L003_R1.fastq.gz, URS011_22KTLNLT3_AGCGAATTAG-AGCCGGAACA_L003_R2.fastq.gz, auto
URS0011, URS011_22KTLNLT3_AGCGAATTAG-AGCCGGAACA_L004_R1.fastq.gz, URS011_22KTLNLT3_AGCGAATTAG-AGCCGGAACA_L004_R2.fastq.gz, auto
URS0013, URS013_22KTLNLT3_TTAGACCATG-TCCTAGGAAG_L001_R1.fastq.gz, URS013_22KTLNLT3_TTAGACCATG-TCCTAGGAAG_L001_R2.fastq.gz, auto
URS0013, URS013_22KTLNLT3_TTAGACCATG-TCCTAGGAAG_L002_R1.fastq.gz, URS013_22KTLNLT3_TTAGACCATG-TCCTAGGAAG_L002_R2.fastq.gz, auto
URS0013, URS013_22KTLNLT3_TTAGACCATG-TCCTAGGAAG_L003_R1.fastq.gz, URS013_22KTLNLT3_TTAGACCATG-TCCTAGGAAG_L003_R2.fastq.gz, auto
URS0013, URS013_22KTLNLT3_TTAGACCATG-TCCTAGGAAG_L004_R1.fastq.gz, URS013_22KTLNLT3_TTAGACCATG-TCCTAGGAAG_L004_R2.fastq.gz, auto