URS007_L001, URS007_22KTLNLT3_GTAACAATCT-CTCTGTATAC_L001_R1.fastq.gz, URS007_22KTLNLT3_GTAACAATCT-CTCTGTATAC_L001_R2.fastq.gz 
URS007_L002, URS007_22KTLNLT3_GTAACAATCT-CTCTGTATAC_L002_R1.fastq.gz, URS007_22KTLNLT3_GTAACAATCT-CTCTGTATAC_L002_R2.fastq.gz
URS007_L003, URS007_22KTLNLT3_GTAACAATCT-CTCTGTATAC_L003_R1.fastq.gz, URS007_22KTLNLT3_GTAACAATCT-CTCTGTATAC_L003_R2.fastq.gz
URS007_L004, URS007_22KTLNLT3_GTAACAATCT-CTCTGTATAC_L004_R1.fastq.gz, URS007_22KTLNLT3_GTAACAATCT-CTCTGTATAC_L004_R2.fastq.gz
URS008_L001, URS008_22KTLNLT3_CCATGGTATA-TCTCGCGGAG_L001_R1.fastq.gz, URS008_22KTLNLT3_CCATGGTATA-TCTCGCGGAG_L001_R2.fastq.gz
URS008_L002, URS008_22KTLNLT3_CCATGGTATA-TCTCGCGGAG_L002_R1.fastq.gz, URS008_22KTLNLT3_CCATGGTATA-TCTCGCGGAG_L002_R2.fastq.gz
URS008_L003, URS008_22KTLNLT3_CCATGGTATA-TCTCGCGGAG_L003_R1.fastq.gz, URS008_22KTLNLT3_CCATGGTATA-TCTCGCGGAG_L003_R2.fastq.gz
URS008_L004, URS008_22KTLNLT3_CCATGGTATA-TCTCGCGGAG_L004_R1.fastq.gz, URS008_22KTLNLT3_CCATGGTATA-TCTCGCGGAG_L004_R2.fastq.gz
URS009_L001, URS009_22KTLNLT3_TCATACCGTT-GGTAACGCAG_L001_R1.fastq.gz, URS009_22KTLNLT3_TCATACCGTT-GGTAACGCAG_L001_R2.fastq.gz
URS009_L002, URS009_22KTLNLT3_TCATACCGTT-GGTAACGCAG_L002_R1.fastq.gz, URS009_22KTLNLT3_TCATACCGTT-GGTAACGCAG_L002_R2.fastq.gz
URS009_L003, URS009_22KTLNLT3_TCATACCGTT-GGTAACGCAG_L003_R1.fastq.gz, URS009_22KTLNLT3_TCATACCGTT-GGTAACGCAG_L003_R2.fastq.gz
URS009_L004, URS009_22KTLNLT3_TCATACCGTT-GGTAACGCAG_L004_R1.fastq.gz, URS009_22KTLNLT3_TCATACCGTT-GGTAACGCAG_L004_R2.fastq.gz
URS0010_L001, URS010_22KTLNLT3_GGCGCCATTG-ACCGCGCAAT_L001_R1.fastq.gz, URS010_22KTLNLT3_GGCGCCATTG-ACCGCGCAAT_L001_R2.fastq.gz
URS0010_L002, URS010_22KTLNLT3_GGCGCCATTG-ACCGCGCAAT_L002_R1.fastq.gz, URS010_22KTLNLT3_GGCGCCATTG-ACCGCGCAAT_L002_R2.fastq.gz
URS0010_L003, URS010_22KTLNLT3_GGCGCCATTG-ACCGCGCAAT_L003_R1.fastq.gz, URS010_22KTLNLT3_GGCGCCATTG-ACCGCGCAAT_L003_R2.fastq.gz
URS0010_L004, URS010_22KTLNLT3_GGCGCCATTG-ACCGCGCAAT_L004_R1.fastq.gz, URS010_22KTLNLT3_GGCGCCATTG-ACCGCGCAAT_L004_R2.fastq.gz
URS0011_L001, URS011_22KTLNLT3_AGCGAATTAG-AGCCGGAACA_L001_R1.fastq.gz, URS011_22KTLNLT3_AGCGAATTAG-AGCCGGAACA_L001_R2.fastq.gz
URS0011_L002, URS011_22KTLNLT3_AGCGAATTAG-AGCCGGAACA_L002_R1.fastq.gz, URS011_22KTLNLT3_AGCGAATTAG-AGCCGGAACA_L002_R2.fastq.gz
URS0011_L003, URS011_22KTLNLT3_AGCGAATTAG-AGCCGGAACA_L003_R1.fastq.gz, URS011_22KTLNLT3_AGCGAATTAG-AGCCGGAACA_L003_R2.fastq.gz
URS0011_L004, URS011_22KTLNLT3_AGCGAATTAG-AGCCGGAACA_L004_R1.fastq.gz, URS011_22KTLNLT3_AGCGAATTAG-AGCCGGAACA_L004_R2.fastq.gz
URS0013_L001, URS013_22KTLNLT3_TTAGACCATG-TCCTAGGAAG_L001_R1.fastq.gz, URS013_22KTLNLT3_TTAGACCATG-TCCTAGGAAG_L001_R2.fastq.gz
URS0013_L002, URS013_22KTLNLT3_TTAGACCATG-TCCTAGGAAG_L002_R1.fastq.gz, URS013_22KTLNLT3_TTAGACCATG-TCCTAGGAAG_L002_R2.fastq.gz
URS0013_L003, URS013_22KTLNLT3_TTAGACCATG-TCCTAGGAAG_L003_R1.fastq.gz, URS013_22KTLNLT3_TTAGACCATG-TCCTAGGAAG_L003_R2.fastq.gz
URS0013_L004, URS013_22KTLNLT3_TTAGACCATG-TCCTAGGAAG_L004_R1.fastq.gz, URS013_22KTLNLT3_TTAGACCATG-TCCTAGGAAG_L004_R2.fastq.gz